wine_tube_id,id,ts_sum_id,micro_id,year,tank,tank_letter,tank_letter,brix,hr,rootstock,ava_id,ava,nutristart,dap,initial_brix,initial_ph,initial_TA,initial_nopa,initial_nh3,initial_yan,initial_tso2,initial_MA,lon,lat,total_gdd_c,total_gdd_f,total_ppt
17-1-1,2017_AS1_1_1,2017_AS1_1,2017_AS1_A,2017,1,A,a,22.6,16.58,101_14,AS1,AS,no,no,23.1,3.58,5.92,227,179,370.2,NA,3739,0,0,1467.999997,2642.399994,262.7349945
17-1-2,2017_AS1_1_2,2017_AS1_1,2017_AS1_A,2017,1,A,a,13,42.33,101_14,AS1,AS,no,no,23.1,3.58,5.92,227,179,370.2,NA,3739,0,0,1467.999997,2642.399994,262.7349945
17-1-3,2017_AS1_1_3,2017_AS1_1,2017_AS1_A,2017,1,A,a,4.1,64.5,101_14,AS1,AS,no,no,23.1,3.58,5.92,227,179,370.2,NA,3739,0,0,1467.999997,2642.399994,262.7349945
17-1-4,2017_AS1_1_4,2017_AS1_1,2017_AS1_A,2017,1,A,a,-1.4,87.91,101_14,AS1,AS,no,no,23.1,3.58,5.92,227,179,370.2,NA,3739,0,0,1467.999997,2642.399994,262.7349945
17-4-1,2017_AS1_4_1,2017_AS1_4,2017_AS1_D,2017,4,D,d,22.7,16.58,101_14,AS1,AS,no,no,23.2,3.58,6.07,221,179,364.2,12.89,3862,0,0,1467.999997,2642.399994,262.7349945
17-4-2,2017_AS1_4_2,2017_AS1_4,2017_AS1_D,2017,4,D,d,13.1,42.33,101_14,AS1,AS,no,no,23.2,3.58,6.07,221,179,364.2,12.89,3862,0,0,1467.999997,2642.399994,262.7349945
17-4-3,2017_AS1_4_3,2017_AS1_4,2017_AS1_D,2017,4,D,d,4.1,64.5,101_14,AS1,AS,no,no,23.2,3.58,6.07,221,179,364.2,12.89,3862,0,0,1467.999997,2642.399994,262.7349945
17-4-4,2017_AS1_4_4,2017_AS1_4,2017_AS1_D,2017,4,D,d,-1.2,87.91,101_14,AS1,AS,no,no,23.2,3.58,6.07,221,179,364.2,12.89,3862,0,0,1467.999997,2642.399994,262.7349945
17-5-1,2017_AS2_5_1,2017_AS2_5,2017_AS2_A,2017,5,A,a,22.4,16.58,101_14,AS2,AS,no,no,22.9,3.59,5.34,208,172,345.6,NA,3090,0,0,1614.722497,2906.500494,361.6759927
17-5-2,2017_AS2_5_2,2017_AS2_5,2017_AS2_A,2017,5,A,a,13.2,42,101_14,AS2,AS,no,no,22.9,3.59,5.34,208,172,345.6,NA,3090,0,0,1614.722497,2906.500494,361.6759927
17-5-3,2017_AS2_5_3,2017_AS2_5,2017_AS2_A,2017,5,A,a,3.5,64,101_14,AS2,AS,no,no,22.9,3.59,5.34,208,172,345.6,NA,3090,0,0,1614.722497,2906.500494,361.6759927
17-5-4,2017_AS2_5_4,2017_AS2_5,2017_AS2_A,2017,5,A,a,-1,87.5,101_14,AS2,AS,no,no,22.9,3.59,5.34,208,172,345.6,NA,3090,0,0,1614.722497,2906.500494,361.6759927
17-6-1,2017_AS2_6_1,2017_AS2_6,2017_AS2_B,2017,6,B,b,22.7,16.58,101_14,AS2,AS,no,no,23,3.6,5.21,206,175,346,10.18,3116,0,0,1614.722497,2906.500494,361.6759927
17-6-2,2017_AS2_6_2,2017_AS2_6,2017_AS2_B,2017,6,B,b,13.7,42,101_14,AS2,AS,no,no,23,3.6,5.21,206,175,346,10.18,3116,0,0,1614.722497,2906.500494,361.6759927
17-6-3,2017_AS2_6_3,2017_AS2_6,2017_AS2_B,2017,6,B,b,3.2,64,101_14,AS2,AS,no,no,23,3.6,5.21,206,175,346,10.18,3116,0,0,1614.722497,2906.500494,361.6759927
17-6-4,2017_AS2_6_4,2017_AS2_6,2017_AS2_B,2017,6,B,b,-1.1,87.5,101_14,AS2,AS,no,no,23,3.6,5.21,206,175,346,10.18,3116,0,0,1614.722497,2906.500494,361.6759927
17-9-1,2017_SNC2_9_1,2017_SNC2_9,2017_SNC2_A,2017,9,A,a,23,17.75,101_14,SNC2,SNC,no,no,23.4,3.45,5.45,138,71,194.8,NA,2431,0,0,1427.948502,2570.307304,793.9129868
17-9-2,2017_SNC2_9_2,2017_SNC2_9,2017_SNC2_A,2017,9,A,a,16.6,45.5,101_14,SNC2,SNC,yes,yes,23.4,3.45,5.45,138,71,194.8,NA,2431,0,0,1427.948502,2570.307304,793.9129868
17-9-3,2017_SNC2_9_3,2017_SNC2_9,2017_SNC2_A,2017,9,A,a,9.1,75.08,101_14,SNC2,SNC,yes,yes,23.4,3.45,5.45,138,71,194.8,NA,2431,0,0,1427.948502,2570.307304,793.9129868
17-9-4,2017_SNC2_9_4,2017_SNC2_9,2017_SNC2_A,2017,9,A,a,2.6,102.83,101_14,SNC2,SNC,yes,yes,23.4,3.45,5.45,138,71,194.8,NA,2431,0,0,1427.948502,2570.307304,793.9129868
17-9-5,2017_SNC2_9_5,2017_SNC2_9,2017_SNC2_A,2017,9,A,a,-1,131,101_14,SNC2,SNC,yes,yes,23.4,3.45,5.45,138,71,194.8,NA,2431,0,0,1427.948502,2570.307304,793.9129868
17-12-1,2017_SNC2_12_1,2017_SNC2_12,2017_SNC2_D,2017,12,D,d,22.8,17.75,101_14,SNC2,SNC,no,no,23.4,3.4,5.55,132,72,189.6,0,2202,0,0,1427.948502,2570.307304,793.9129868
17-12-2,2017_SNC2_12_2,2017_SNC2_12,2017_SNC2_D,2017,12,D,d,16.6,45.5,101_14,SNC2,SNC,yes,yes,23.4,3.4,5.55,132,72,189.6,0,2202,0,0,1427.948502,2570.307304,793.9129868
17-12-3,2017_SNC2_12_3,2017_SNC2_12,2017_SNC2_D,2017,12,D,d,8.7,75.08,101_14,SNC2,SNC,yes,yes,23.4,3.4,5.55,132,72,189.6,0,2202,0,0,1427.948502,2570.307304,793.9129868
17-12-4,2017_SNC2_12_4,2017_SNC2_12,2017_SNC2_D,2017,12,D,d,2.6,102.83,101_14,SNC2,SNC,yes,yes,23.4,3.4,5.55,132,72,189.6,0,2202,0,0,1427.948502,2570.307304,793.9129868
17-12-5,2017_SNC2_12_5,2017_SNC2_12,2017_SNC2_D,2017,12,D,d,-1.1,131,101_14,SNC2,SNC,yes,yes,23.4,3.4,5.55,132,72,189.6,0,2202,0,0,1427.948502,2570.307304,793.9129868
17-13-1,2017_CRN1_13_1,2017_CRN1_13,2017_CRN1_A,2017,13,A,a,23.7,17.67,101_14,CRN1,CRN,no,no,25.2,3.71,4.91,135,59,182.2,NA,1944,0,0,1298.347496,2337.025493,779.6230134
17-13-2,2017_CRN1_13_2,2017_CRN1_13,2017_CRN1_A,2017,13,A,a,17.2,45.33,101_14,CRN1,CRN,yes,yes,25.2,3.71,4.91,135,59,182.2,NA,1944,0,0,1298.347496,2337.025493,779.6230134
17-13-3,2017_CRN1_13_3,2017_CRN1_13,2017_CRN1_A,2017,13,A,a,8.6,74.58,101_14,CRN1,CRN,yes,yes,25.2,3.71,4.91,135,59,182.2,NA,1944,0,0,1298.347496,2337.025493,779.6230134
17-13-4,2017_CRN1_13_4,2017_CRN1_13,2017_CRN1_A,2017,13,A,a,2.6,104.5,101_14,CRN1,CRN,yes,yes,25.2,3.71,4.91,135,59,182.2,NA,1944,0,0,1298.347496,2337.025493,779.6230134
17-13-5,2017_CRN1_13_5,2017_CRN1_13,2017_CRN1_A,2017,13,A,a,-0.6,132.67,101_14,CRN1,CRN,yes,yes,25.2,3.71,4.91,135,59,182.2,NA,1944,0,0,1298.347496,2337.025493,779.6230134
17-16-1,2017_CRN1_16_1,2017_CRN1_16,2017_CRN1_D,2017,16,D,d,23.6,17.67,101_14,CRN1,CRN,no,no,25.1,3.73,5,170,74,229.2,4.02,2228,0,0,1298.347496,2337.025493,779.6230134
17-16-2,2017_CRN1_16_2,2017_CRN1_16,2017_CRN1_D,2017,16,D,d,17,45.33,101_14,CRN1,CRN,yes,yes,25.1,3.73,5,170,74,229.2,4.02,2228,0,0,1298.347496,2337.025493,779.6230134
17-16-3,2017_CRN1_16_3,2017_CRN1_16,2017_CRN1_D,2017,16,D,d,9,74.58,101_14,CRN1,CRN,yes,yes,25.1,3.73,5,170,74,229.2,4.02,2228,0,0,1298.347496,2337.025493,779.6230134
17-16-4,2017_CRN1_16_4,2017_CRN1_16,2017_CRN1_D,2017,16,D,d,2.1,104.5,101_14,CRN1,CRN,yes,yes,25.1,3.73,5,170,74,229.2,4.02,2228,0,0,1298.347496,2337.025493,779.6230134
17-16-5,2017_CRN1_16_5,2017_CRN1_16,2017_CRN1_D,2017,16,D,d,-0.8,132.67,101_14,CRN1,CRN,yes,yes,25.1,3.73,5,170,74,229.2,4.02,2228,0,0,1298.347496,2337.025493,779.6230134
17-19-1,2017_SMV1_19_1,2017_SMV1_19,2017_SMV1_C,2017,19,C,c,22.5,16.17,101_14,SMV1,SMV,no,no,23.8,3.71,5.2,243,99,322.2,NA,1870,0,0,1450.261,2610.469801,503.4419975
17-19-2,2017_SMV1_19_2,2017_SMV1_19,2017_SMV1_C,2017,19,C,c,13.9,39.42,101_14,SMV1,SMV,no,no,23.8,3.71,5.2,243,99,322.2,NA,1870,0,0,1450.261,2610.469801,503.4419975
17-19-3,2017_SMV1_19_3,2017_SMV1_19,2017_SMV1_C,2017,19,C,c,4,63.75,101_14,SMV1,SMV,no,no,23.8,3.71,5.2,243,99,322.2,NA,1870,0,0,1450.261,2610.469801,503.4419975
17-19-4,2017_SMV1_19_4,2017_SMV1_19,2017_SMV1_C,2017,19,C,c,-0.6,87.75,101_14,SMV1,SMV,no,no,23.8,3.71,5.2,243,99,322.2,NA,1870,0,0,1450.261,2610.469801,503.4419975
17-19-5,2017_SMV1_19_5,2017_SMV1_19,2017_SMV1_C,2017,19,C,c,-1.1,111.5,101_14,SMV1,SMV,no,no,23.8,3.71,5.2,243,99,322.2,NA,1870,0,0,1450.261,2610.469801,503.4419975
17-20-1,2017_SMV1_20_1,2017_SMV1_20,2017_SMV1_D,2017,20,D,d,22.6,16.17,101_14,SMV1,SMV,no,no,23.7,3.69,5.2,240,97,317.6,17.76,1873,0,0,1450.261,2610.469801,503.4419975
17-20-2,2017_SMV1_20_2,2017_SMV1_20,2017_SMV1_D,2017,20,D,d,14.1,39.42,101_14,SMV1,SMV,no,no,23.7,3.69,5.2,240,97,317.6,17.76,1873,0,0,1450.261,2610.469801,503.4419975
17-20-3,2017_SMV1_20_3,2017_SMV1_20,2017_SMV1_D,2017,20,D,d,4.8,63.75,101_14,SMV1,SMV,no,no,23.7,3.69,5.2,240,97,317.6,17.76,1873,0,0,1450.261,2610.469801,503.4419975
17-20-4,2017_SMV1_20_4,2017_SMV1_20,2017_SMV1_D,2017,20,D,d,-0.6,87.75,101_14,SMV1,SMV,no,no,23.7,3.69,5.2,240,97,317.6,17.76,1873,0,0,1450.261,2610.469801,503.4419975
17-20-5,2017_SMV1_20_5,2017_SMV1_20,2017_SMV1_D,2017,20,D,d,-0.8,111.5,101_14,SMV1,SMV,no,no,23.7,3.69,5.2,240,97,317.6,17.76,1873,0,0,1450.261,2610.469801,503.4419975
17-22-1,2017_SMV2_22_1,2017_SMV2_22,2017_SMV2_B,2017,22,B,b,21.8,16.17,101_14,SMV2,SMV,no,no,23.2,3.59,5.08,108,124,207.2,14.01,1907,0,0,1549.493507,2789.088313,468.2490053
17-22-2,2017_SMV2_22_2,2017_SMV2_22,2017_SMV2_B,2017,22,B,b,14.6,39.5,101_14,SMV2,SMV,yes,yes,23.2,3.59,5.08,108,124,207.2,14.01,1907,0,0,1549.493507,2789.088313,468.2490053
17-22-3,2017_SMV2_22_3,2017_SMV2_22,2017_SMV2_B,2017,22,B,b,7.2,64,101_14,SMV2,SMV,yes,yes,23.2,3.59,5.08,108,124,207.2,14.01,1907,0,0,1549.493507,2789.088313,468.2490053
17-22-4,2017_SMV2_22_4,2017_SMV2_22,2017_SMV2_B,2017,22,B,b,-0.1,87.83,101_14,SMV2,SMV,yes,yes,23.2,3.59,5.08,108,124,207.2,14.01,1907,0,0,1549.493507,2789.088313,468.2490053
17-22-5,2017_SMV2_22_5,2017_SMV2_22,2017_SMV2_B,2017,22,B,b,-0.9,111.5,101_14,SMV2,SMV,yes,yes,23.2,3.59,5.08,108,124,207.2,14.01,1907,0,0,1549.493507,2789.088313,468.2490053
17-24-1,2017_SMV2_24_1,2017_SMV2_24,2017_SMV2_D,2017,24,D,d,22.1,16.17,101_14,SMV2,SMV,no,no,23.1,3.63,5.01,145,77,206.6,0,1911,0,0,1549.493507,2789.088313,468.2490053
17-24-2,2017_SMV2_24_2,2017_SMV2_24,2017_SMV2_D,2017,24,D,d,14.9,39.5,101_14,SMV2,SMV,yes,yes,23.1,3.63,5.01,145,77,206.6,0,1911,0,0,1549.493507,2789.088313,468.2490053
17-24-3,2017_SMV2_24_3,2017_SMV2_24,2017_SMV2_D,2017,24,D,d,7,64,101_14,SMV2,SMV,yes,yes,23.1,3.63,5.01,145,77,206.6,0,1911,0,0,1549.493507,2789.088313,468.2490053
17-24-4,2017_SMV2_24_4,2017_SMV2_24,2017_SMV2_D,2017,24,D,d,0,87.83,101_14,SMV2,SMV,yes,yes,23.1,3.63,5.01,145,77,206.6,0,1911,0,0,1549.493507,2789.088313,468.2490053
17-24-5,2017_SMV2_24_5,2017_SMV2_24,2017_SMV2_D,2017,24,D,d,-1.1,111.5,101_14,SMV2,SMV,yes,yes,23.1,3.63,5.01,145,77,206.6,0,1911,0,0,1549.493507,2789.088313,468.2490053
17-25-1,2017_RRV2_25_1,2017_RRV2_25,2017_RRV2_A,2017,25,A,a,22.5,16,3309C,RRV2,RRV,no,no,26.7,3.64,3.69,107,82,172.6,NA,1356,0,0,1446.626,2603.9268,1259.819974
17-25-2,2017_RRV2_25_2,2017_RRV2_25,2017_RRV2_A,2017,25,A,a,17.2,40,3309C,RRV2,RRV,yes,yes,26.7,3.64,3.69,107,82,172.6,NA,1356,0,0,1446.626,2603.9268,1259.819974
17-25-3,2017_RRV2_25_3,2017_RRV2_25,2017_RRV2_A,2017,25,A,a,10.5,63.83,3309C,RRV2,RRV,yes,yes,26.7,3.64,3.69,107,82,172.6,NA,1356,0,0,1446.626,2603.9268,1259.819974
17-25-4,2017_RRV2_25_4,2017_RRV2_25,2017_RRV2_A,2017,25,A,a,4.6,87.75,3309C,RRV2,RRV,yes,yes,26.7,3.64,3.69,107,82,172.6,NA,1356,0,0,1446.626,2603.9268,1259.819974
17-25-5,2017_RRV2_25_5,2017_RRV2_25,2017_RRV2_A,2017,25,A,a,1.1,111.5,3309C,RRV2,RRV,yes,yes,26.7,3.64,3.69,107,82,172.6,NA,1356,0,0,1446.626,2603.9268,1259.819974
17-28-1,2017_RRV2_28_1,2017_RRV2_28,2017_RRV2_D,2017,28,D,d,23,16,3309C,RRV2,RRV,no,no,27,3.61,3.7,117,85,185,12.82,1365,0,0,1446.626,2603.9268,1259.819974
17-28-2,2017_RRV2_28_2,2017_RRV2_28,2017_RRV2_D,2017,28,D,d,17.1,40,3309C,RRV2,RRV,yes,yes,27,3.61,3.7,117,85,185,12.82,1365,0,0,1446.626,2603.9268,1259.819974
17-28-3,2017_RRV2_28_3,2017_RRV2_28,2017_RRV2_D,2017,28,D,d,10.2,63.83,3309C,RRV2,RRV,yes,yes,27,3.61,3.7,117,85,185,12.82,1365,0,0,1446.626,2603.9268,1259.819974
17-28-4,2017_RRV2_28_4,2017_RRV2_28,2017_RRV2_D,2017,28,D,d,4.6,87.75,3309C,RRV2,RRV,yes,yes,27,3.61,3.7,117,85,185,12.82,1365,0,0,1446.626,2603.9268,1259.819974
17-28-5,2017_RRV2_28_5,2017_RRV2_28,2017_RRV2_D,2017,28,D,d,1.3,111.5,3309C,RRV2,RRV,yes,yes,27,3.61,3.7,117,85,185,12.82,1365,0,0,1446.626,2603.9268,1259.819974
17-29-1,2017_RRV1_29_1,2017_RRV1_29,2017_RRV1_A,2017,29,A,a,23.9,16.25,101_14,RRV1,RRV,no,no,25.2,3.58,4.14,171,128,273.4,13.19,1641,0,0,1500.606508,2701.091715,1235.847034
17-29-2,2017_RRV1_29_2,2017_RRV1_29,2017_RRV1_A,2017,29,A,a,15.7,40,101_14,RRV1,RRV,no,no,25.2,3.58,4.14,171,128,273.4,13.19,1641,0,0,1500.606508,2701.091715,1235.847034
17-29-3,2017_RRV1_29_3,2017_RRV1_29,2017_RRV1_A,2017,29,A,a,7,63.83,101_14,RRV1,RRV,no,no,25.2,3.58,4.14,171,128,273.4,13.19,1641,0,0,1500.606508,2701.091715,1235.847034
17-29-4,2017_RRV1_29_4,2017_RRV1_29,2017_RRV1_A,2017,29,A,a,1,87.58,101_14,RRV1,RRV,no,no,25.2,3.58,4.14,171,128,273.4,13.19,1641,0,0,1500.606508,2701.091715,1235.847034
17-29-5,2017_RRV1_29_5,2017_RRV1_29,2017_RRV1_A,2017,29,A,a,-0.6,111.67,101_14,RRV1,RRV,no,no,25.2,3.58,4.14,171,128,273.4,13.19,1641,0,0,1500.606508,2701.091715,1235.847034
17-31-1,2017_RRV1_31_1,2017_RRV1_31,2017_RRV1_C,2017,31,C,c,23.7,16.25,101_14,RRV1,RRV,no,no,25.2,3.48,4.13,171,109,258.2,11.12,1622,0,0,1500.606508,2701.091715,1235.847034
17-31-2,2017_RRV1_31_2,2017_RRV1_31,2017_RRV1_C,2017,31,C,c,15.5,40,101_14,RRV1,RRV,no,no,25.2,3.48,4.13,171,109,258.2,11.12,1622,0,0,1500.606508,2701.091715,1235.847034
17-31-3,2017_RRV1_31_3,2017_RRV1_31,2017_RRV1_C,2017,31,C,c,7.3,63.83,101_14,RRV1,RRV,no,no,25.2,3.48,4.13,171,109,258.2,11.12,1622,0,0,1500.606508,2701.091715,1235.847034
17-31-4,2017_RRV1_31_4,2017_RRV1_31,2017_RRV1_C,2017,31,C,c,1,87.58,101_14,RRV1,RRV,no,no,25.2,3.48,4.13,171,109,258.2,11.12,1622,0,0,1500.606508,2701.091715,1235.847034
17-31-5,2017_RRV1_31_5,2017_RRV1_31,2017_RRV1_C,2017,31,C,c,-0.8,111.67,101_14,RRV1,RRV,no,no,25.2,3.48,4.13,171,109,258.2,11.12,1622,0,0,1500.606508,2701.091715,1235.847034
17-33-1,2017_SNC1_33_1,2017_SNC1_33,2017_SNC1_A,2017,33,A,a,23.6,16.33,101_14,SNC1,SNC,no,no,26.3,3.59,4.19,129,104,212,3.82,1873,0,0,1461.524004,2630.743208,1287.343969
17-33-2,2017_SNC1_33_2,2017_SNC1_33,2017_SNC1_A,2017,33,A,a,16.5,40.17,101_14,SNC1,SNC,yes,no,26.3,3.59,4.19,129,104,212,3.82,1873,0,0,1461.524004,2630.743208,1287.343969
17-33-3,2017_SNC1_33_3,2017_SNC1_33,2017_SNC1_A,2017,33,A,a,9.9,64,101_14,SNC1,SNC,yes,no,26.3,3.59,4.19,129,104,212,3.82,1873,0,0,1461.524004,2630.743208,1287.343969
17-33-4,2017_SNC1_33_4,2017_SNC1_33,2017_SNC1_A,2017,33,A,a,4.3,87.75,101_14,SNC1,SNC,yes,no,26.3,3.59,4.19,129,104,212,3.82,1873,0,0,1461.524004,2630.743208,1287.343969
17-33-5,2017_SNC1_33_5,2017_SNC1_33,2017_SNC1_A,2017,33,A,a,1.1,111.75,101_14,SNC1,SNC,yes,no,26.3,3.59,4.19,129,104,212,3.82,1873,0,0,1461.524004,2630.743208,1287.343969
17-34-1,2017_SNC1_34_1,2017_SNC1_34,2017_SNC1_B,2017,34,B,b,23.7,16.33,101_14,SNC1,SNC,no,no,26.5,3.6,4.15,129,104,212,10.61,1900,0,0,1461.524004,2630.743208,1287.343969
17-34-2,2017_SNC1_34_2,2017_SNC1_34,2017_SNC1_B,2017,34,B,b,17,40.17,101_14,SNC1,SNC,yes,no,26.5,3.6,4.15,129,104,212,10.61,1900,0,0,1461.524004,2630.743208,1287.343969
17-34-3,2017_SNC1_34_3,2017_SNC1_34,2017_SNC1_B,2017,34,B,b,10.3,64,101_14,SNC1,SNC,yes,no,26.5,3.6,4.15,129,104,212,10.61,1900,0,0,1461.524004,2630.743208,1287.343969
17-34-4,2017_SNC1_34_4,2017_SNC1_34,2017_SNC1_B,2017,34,B,b,4.6,87.75,101_14,SNC1,SNC,yes,no,26.5,3.6,4.15,129,104,212,10.61,1900,0,0,1461.524004,2630.743208,1287.343969
17-34-5,2017_SNC1_34_5,2017_SNC1_34,2017_SNC1_B,2017,34,B,b,1,111.75,101_14,SNC1,SNC,yes,no,26.5,3.6,4.15,129,104,212,10.61,1900,0,0,1461.524004,2630.743208,1287.343969
17-37-1,2017_SRH1_37_1,2017_SRH1_37,2017_SRH1_A,2017,37,A,a,16.1,16.17,101_14,SRH1,SRH,no,no,22.4,3.57,5.38,123,38,153.4,13.35,1343,0,0,1347.635001,2425.743002,520.6029949
17-37-2,2017_SRH1_37_2,2017_SRH1_37,2017_SRH1_A,2017,37,A,a,7.8,39.83,101_14,SRH1,SRH,yes,yes,22.4,3.57,5.38,123,38,153.4,13.35,1343,0,0,1347.635001,2425.743002,520.6029949
17-37-3,2017_SRH1_37_3,2017_SRH1_37,2017_SRH1_A,2017,37,A,a,2.3,63.92,101_14,SRH1,SRH,yes,yes,22.4,3.57,5.38,123,38,153.4,13.35,1343,0,0,1347.635001,2425.743002,520.6029949
17-37-4,2017_SRH1_37_4,2017_SRH1_37,2017_SRH1_A,2017,37,A,a,-0.7,88,101_14,SRH1,SRH,yes,yes,22.4,3.57,5.38,123,38,153.4,13.35,1343,0,0,1347.635001,2425.743002,520.6029949
17-37-5,2017_SRH1_37_5,2017_SRH1_37,2017_SRH1_A,2017,37,A,a,-1.1,112.33,101_14,SRH1,SRH,yes,yes,22.4,3.57,5.38,123,38,153.4,13.35,1343,0,0,1347.635001,2425.743002,520.6029949
17-40-1,2017_SRH1_40_1,2017_SRH1_40,2017_SRH1_D,2017,40,D,d,16.3,16.17,101_14,SRH1,SRH,no,no,22.6,3.61,5.04,131,38,161.4,14.55,1370,0,0,1347.635001,2425.743002,520.6029949
17-40-2,2017_SRH1_40_2,2017_SRH1_40,2017_SRH1_D,2017,40,D,d,8,39.83,101_14,SRH1,SRH,yes,yes,22.6,3.61,5.04,131,38,161.4,14.55,1370,0,0,1347.635001,2425.743002,520.6029949
17-40-3,2017_SRH1_40_3,2017_SRH1_40,2017_SRH1_D,2017,40,D,d,2,63.92,101_14,SRH1,SRH,yes,yes,22.6,3.61,5.04,131,38,161.4,14.55,1370,0,0,1347.635001,2425.743002,520.6029949
17-40-4,2017_SRH1_40_4,2017_SRH1_40,2017_SRH1_D,2017,40,D,d,-1,88,101_14,SRH1,SRH,yes,yes,22.6,3.61,5.04,131,38,161.4,14.55,1370,0,0,1347.635001,2425.743002,520.6029949
17-40-5,2017_SRH1_40_5,2017_SRH1_40,2017_SRH1_D,2017,40,D,d,-1.1,112.33,101_14,SRH1,SRH,yes,yes,22.6,3.61,5.04,131,38,161.4,14.55,1370,0,0,1347.635001,2425.743002,520.6029949
17-42-1,2017_AV1_42_1,2017_AV1_42,2017_AV1_B,2017,42,B,b,22.5,16.25,101_14,AV1,AV,no,no,23.3,3.6,4.59,151,59,198.2,7.44,2420,0,0,1511.013005,2719.823409,1157.820994
17-42-2,2017_AV1_42_2,2017_AV1_42,2017_AV1_B,2017,42,B,b,14,39.42,101_14,AV1,AV,yes,yes,23.3,3.6,4.59,151,59,198.2,7.44,2420,0,0,1511.013005,2719.823409,1157.820994
17-42-3,2017_AV1_42_3,2017_AV1_42,2017_AV1_B,2017,42,B,b,5.7,64.58,101_14,AV1,AV,yes,yes,23.3,3.6,4.59,151,59,198.2,7.44,2420,0,0,1511.013005,2719.823409,1157.820994
17-42-4,2017_AV1_42_4,2017_AV1_42,2017_AV1_B,2017,42,B,b,0,88.5,101_14,AV1,AV,yes,yes,23.3,3.6,4.59,151,59,198.2,7.44,2420,0,0,1511.013005,2719.823409,1157.820994
17-42-5,2017_AV1_42_5,2017_AV1_42,2017_AV1_B,2017,42,B,b,-1.2,112.5,101_14,AV1,AV,yes,yes,23.3,3.6,4.59,151,59,198.2,7.44,2420,0,0,1511.013005,2719.823409,1157.820994
17-44-1,2017_AV1_44_1,2017_AV1_44,2017_AV1_D,2017,44,D,d,22.4,16.25,101_14,AV1,AV,no,no,23.4,3.62,4.55,157,53,199.4,NA,2451,0,0,1511.013005,2719.823409,1157.820994
17-44-2,2017_AV1_44_2,2017_AV1_44,2017_AV1_D,2017,44,D,d,14,39.42,101_14,AV1,AV,yes,yes,23.4,3.62,4.55,157,53,199.4,NA,2451,0,0,1511.013005,2719.823409,1157.820994
17-44-3,2017_AV1_44_3,2017_AV1_44,2017_AV1_D,2017,44,D,d,5.6,64.58,101_14,AV1,AV,yes,yes,23.4,3.62,4.55,157,53,199.4,NA,2451,0,0,1511.013005,2719.823409,1157.820994
17-44-4,2017_AV1_44_4,2017_AV1_44,2017_AV1_D,2017,44,D,d,-0.3,88.5,101_14,AV1,AV,yes,yes,23.4,3.62,4.55,157,53,199.4,NA,2451,0,0,1511.013005,2719.823409,1157.820994
17-44-5,2017_AV1_44_5,2017_AV1_44,2017_AV1_D,2017,44,D,d,-1.2,112.5,101_14,AV1,AV,yes,yes,23.4,3.62,4.55,157,53,199.4,NA,2451,0,0,1511.013005,2719.823409,1157.820994
17- 46-1,2017_RRV3_46_1,2017_RRV3_46,2017_RRV3_B,2017,46,B,b,22.3,15.5,3309C,RRV3,RRV,no,no,22.3,3.53,4.81,143,30,117.93,10.52,1878,0,0,1310.375503,2358.675905,1005.127
17- 46-2,2017_RRV3_46_2,2017_RRV3_46,2017_RRV3_B,2017,46,B,b,14,40.58,3309C,RRV3,RRV,yes,yes,22.3,3.53,4.81,143,30,117.93,10.52,1878,0,0,1310.375503,2358.675905,1005.127
17- 46-3,2017_RRV3_46_3,2017_RRV3_46,2017_RRV3_B,2017,46,B,b,4.4,64.75,3309C,RRV3,RRV,yes,yes,22.3,3.53,4.81,143,30,117.93,10.52,1878,0,0,1310.375503,2358.675905,1005.127
17- 46-4,2017_RRV3_46_4,2017_RRV3_46,2017_RRV3_B,2017,46,B,b,-0.6,88.67,3309C,RRV3,RRV,yes,yes,22.3,3.53,4.81,143,30,117.93,10.52,1878,0,0,1310.375503,2358.675905,1005.127
17- 46-5,2017_RRV3_46_5,2017_RRV3_46,2017_RRV3_B,2017,46,B,b,-0.8,111.25,3309C,RRV3,RRV,yes,yes,22.3,3.53,4.81,143,30,117.93,10.52,1878,0,0,1310.375503,2358.675905,1005.127
17-47-1,2017_RRV3_47_1,2017_RRV3_47,2017_RRV3_C,2017,47,C,c,22.4,15.5,3309C,RRV3,RRV,no,no,22.3,3.51,4.8,143,37,117.91,11.63,1919,0,0,1310.375503,2358.675905,1005.127
17-47-2,2017_RRV3_47_2,2017_RRV3_47,2017_RRV3_C,2017,47,C,c,13.4,40.58,3309C,RRV3,RRV,yes,yes,22.3,3.51,4.8,143,37,117.91,11.63,1919,0,0,1310.375503,2358.675905,1005.127
17-47-3,2017_RRV3_47_3,2017_RRV3_47,2017_RRV3_C,2017,47,C,c,4.5,64.75,3309C,RRV3,RRV,yes,yes,22.3,3.51,4.8,143,37,117.91,11.63,1919,0,0,1310.375503,2358.675905,1005.127
17-47-4,2017_RRV3_47_4,2017_RRV3_47,2017_RRV3_C,2017,47,C,c,-0.5,88.67,3309C,RRV3,RRV,yes,yes,22.3,3.51,4.8,143,37,117.91,11.63,1919,0,0,1310.375503,2358.675905,1005.127
17-47-5,2017_RRV3_47_5,2017_RRV3_47,2017_RRV3_C,2017,47,C,c,-0.8,111.25,3309C,RRV3,RRV,yes,yes,22.3,3.51,4.8,143,37,117.91,11.63,1919,0,0,1310.375503,2358.675905,1005.127
17-50-1,2017_AV2_50_1,2017_AV2_50,2017_AV2_B,2017,50,B,b,24.2,15.67,3309C,AV2,AV,no,no,23.7,3.83,4.29,131,55,175,4.11,3865,0,0,1264.597002,2276.274604,994.3859916
17-50-2,2017_AV2_50_2,2017_AV2_50,2017_AV2_B,2017,50,B,b,16.6,40.5,3309C,AV2,AV,yes,yes,23.7,3.83,4.29,131,55,175,4.11,3865,0,0,1264.597002,2276.274604,994.3859916
17-50-3,2017_AV2_50_3,2017_AV2_50,2017_AV2_B,2017,50,B,b,8.2,64.5,3309C,AV2,AV,yes,yes,23.7,3.83,4.29,131,55,175,4.11,3865,0,0,1264.597002,2276.274604,994.3859916
17-50-4,2017_AV2_50_4,2017_AV2_50,2017_AV2_B,2017,50,B,b,1,88.5,3309C,AV2,AV,yes,yes,23.7,3.83,4.29,131,55,175,4.11,3865,0,0,1264.597002,2276.274604,994.3859916
17-50-5,2017_AV2_50_5,2017_AV2_50,2017_AV2_B,2017,50,B,b,-0.9,112.5,3309C,AV2,AV,yes,yes,23.7,3.83,4.29,131,55,175,4.11,3865,0,0,1264.597002,2276.274604,994.3859916
17-51-1,2017_AV2_51_1,2017_AV2_51,2017_AV2_C,2017,51,C,c,23.9,15.67,3309C,AV2,AV,no,no,23.6,3.87,4.1,129,60,177,8.16,3819,0,0,1264.597002,2276.274604,994.3859916
17-51-2,2017_AV2_51_2,2017_AV2_51,2017_AV2_C,2017,51,C,c,16.1,40.5,3309C,AV2,AV,yes,yes,23.6,3.87,4.1,129,60,177,8.16,3819,0,0,1264.597002,2276.274604,994.3859916
17-51-3,2017_AV2_51_3,2017_AV2_51,2017_AV2_C,2017,51,C,c,8.5,64.5,3309C,AV2,AV,yes,yes,23.6,3.87,4.1,129,60,177,8.16,3819,0,0,1264.597002,2276.274604,994.3859916
17-51-4,2017_AV2_51_4,2017_AV2_51,2017_AV2_C,2017,51,C,c,1.5,88.5,3309C,AV2,AV,yes,yes,23.6,3.87,4.1,129,60,177,8.16,3819,0,0,1264.597002,2276.274604,994.3859916
17-51-5,2017_AV2_51_5,2017_AV2_51,2017_AV2_C,2017,51,C,c,-1.1,112.5,3309C,AV2,AV,yes,yes,23.6,3.87,4.1,129,60,177,8.16,3819,0,0,1264.597002,2276.274604,994.3859916
17-53-1,2017_OR1_53_1,2017_OR1_53,2017_OR1_A,2017,53,A,a,23.2,14,riparia_gloire,OR1,OR,no,no,23.2,3.62,4.72,64,6,68.8,NA,3924,0,0,1234.097501,2221.375502,1127.71901
17-53-2,2017_OR1_53_2,2017_OR1_53,2017_OR1_A,2017,53,A,a,18.1,38.5,riparia_gloire,OR1,OR,yes,yes,23.2,3.62,4.72,64,6,68.8,NA,3924,0,0,1234.097501,2221.375502,1127.71901
17-53-3,2017_OR1_53_3,2017_OR1_53,2017_OR1_A,2017,53,A,a,10,62,riparia_gloire,OR1,OR,yes,yes,23.2,3.62,4.72,64,6,68.8,NA,3924,0,0,1234.097501,2221.375502,1127.71901
17-53-4,2017_OR1_53_4,2017_OR1_53,2017_OR1_A,2017,53,A,a,2.4,85.25,riparia_gloire,OR1,OR,yes,yes,23.2,3.62,4.72,64,6,68.8,NA,3924,0,0,1234.097501,2221.375502,1127.71901
17-53-5,2017_OR1_53_5,2017_OR1_53,2017_OR1_A,2017,53,A,a,-0.8,110.5,riparia_gloire,OR1,OR,yes,yes,23.2,3.62,4.72,64,6,68.8,NA,3924,0,0,1234.097501,2221.375502,1127.71901
17-54-1,2017_OR1_54_1,2017_OR1_54,2017_OR1_B,2017,54,B,b,23.5,14,riparia_gloire,OR1,OR,no,no,23.4,3.63,4.72,64,20,80,3,3911,0,0,1234.097501,2221.375502,1127.71901
17-54-2,2017_OR1_54_2,2017_OR1_54,2017_OR1_B,2017,54,B,b,18.9,38.5,riparia_gloire,OR1,OR,yes,yes,23.4,3.63,4.72,64,20,80,3,3911,0,0,1234.097501,2221.375502,1127.71901
17-54-3,2017_OR1_54_3,2017_OR1_54,2017_OR1_B,2017,54,B,b,10,62,riparia_gloire,OR1,OR,yes,yes,23.4,3.63,4.72,64,20,80,3,3911,0,0,1234.097501,2221.375502,1127.71901
17-54-4,2017_OR1_54_4,2017_OR1_54,2017_OR1_B,2017,54,B,b,2.4,85.25,riparia_gloire,OR1,OR,yes,yes,23.4,3.63,4.72,64,20,80,3,3911,0,0,1234.097501,2221.375502,1127.71901
17-54-5,2017_OR1_54_5,2017_OR1_54,2017_OR1_B,2017,54,B,b,-0.8,110.5,riparia_gloire,OR1,OR,yes,yes,23.4,3.63,4.72,64,20,80,3,3911,0,0,1234.097501,2221.375502,1127.71901
17-59-1,2017_OR2_59_1,2017_OR2_59,2017_OR2_C,2017,59,C,c,24.1,14,riparia_gloire,OR2,OR,no,no,24.1,3.4,5.03,117,52,158.6,NA,3411,0,0,1189.802504,2141.644507,983.5820079
17-59-2,2017_OR2_59_2,2017_OR2_59,2017_OR2_C,2017,59,C,c,16.6,38.5,riparia_gloire,OR2,OR,yes,yes,24.1,3.4,5.03,117,52,158.6,NA,3411,0,0,1189.802504,2141.644507,983.5820079
17-59-3,2017_OR2_59_3,2017_OR2_59,2017_OR2_C,2017,59,C,c,8.7,62,riparia_gloire,OR2,OR,yes,yes,24.1,3.4,5.03,117,52,158.6,NA,3411,0,0,1189.802504,2141.644507,983.5820079
17-59-4,2017_OR2_59_4,2017_OR2_59,2017_OR2_C,2017,59,C,c,1.4,85.25,riparia_gloire,OR2,OR,yes,yes,24.1,3.4,5.03,117,52,158.6,NA,3411,0,0,1189.802504,2141.644507,983.5820079
17-59-5,2017_OR2_59_5,2017_OR2_59,2017_OR2_C,2017,59,C,c,-1,110.5,riparia_gloire,OR2,OR,yes,yes,24.1,3.4,5.03,117,52,158.6,NA,3411,0,0,1189.802504,2141.644507,983.5820079
17-60-1,2017_OR2_60_1,2017_OR2_60,2017_OR2_D,2017,60,D,d,24.1,14,riparia_gloire,OR2,OR,no,no,24.2,3.43,5.02,114,45,150,14,3431,0,0,1189.802504,2141.644507,983.5820079
17-60-2,2017_OR2_60_2,2017_OR2_60,2017_OR2_D,2017,60,D,d,16.6,38.5,riparia_gloire,OR2,OR,yes,yes,24.2,3.43,5.02,114,45,150,14,3431,0,0,1189.802504,2141.644507,983.5820079
17-60-3,2017_OR2_60_3,2017_OR2_60,2017_OR2_D,2017,60,D,d,8.2,62,riparia_gloire,OR2,OR,yes,yes,24.2,3.43,5.02,114,45,150,14,3431,0,0,1189.802504,2141.644507,983.5820079
17-60-4,2017_OR2_60_4,2017_OR2_60,2017_OR2_D,2017,60,D,d,1.6,85.25,riparia_gloire,OR2,OR,yes,yes,24.2,3.43,5.02,114,45,150,14,3431,0,0,1189.802504,2141.644507,983.5820079
17-60-5,2017_OR2_60_5,2017_OR2_60,2017_OR2_D,2017,60,D,d,-0.9,110.5,riparia_gloire,OR2,OR,yes,yes,24.2,3.43,5.02,114,45,150,14,3431,0,0,1189.802504,2141.644507,983.5820079
BM19-1-1,2019_CRN1_1_1,2019_CRN1_1,2019_CRN1_A,2019,1,A,a,24.7,2,101_14,CRN1,CRN,NA,NA,24.1,3.59,5.02,162,100,242,10,4180,0,0,1333.590002,2400.462003,781.6389884
BM19-1-2,2019_CRN1_1_2,2019_CRN1_1,2019_CRN1_A,2019,1,A,a,24.7,6,101_14,CRN1,CRN,NA,NA,24.1,3.59,5.02,162,100,242,10,4180,0,0,1333.590002,2400.462003,781.6389884
BM19-1-3,2019_CRN1_1_3,2019_CRN1_1,2019_CRN1_A,2019,1,A,a,22.9,16,101_14,CRN1,CRN,NA,NA,24.1,3.59,5.02,162,100,242,10,4180,0,0,1333.590002,2400.462003,781.6389884
BM19-1-4,2019_CRN1_1_4,2019_CRN1_1,2019_CRN1_A,2019,1,A,a,5,64,101_14,CRN1,CRN,NA,NA,24.1,3.59,5.02,162,100,242,10,4180,0,0,1333.590002,2400.462003,781.6389884
BM19-1-5,2019_CRN1_1_5,2019_CRN1_1,2019_CRN1_A,2019,1,A,a,-1.4,112,101_14,CRN1,CRN,NA,NA,24.1,3.59,5.02,162,100,242,10,4180,0,0,1333.590002,2400.462003,781.6389884
BM19-2-1,2019_CRN1_2_1,2019_CRN1_2,2019_CRN1_B,2019,2,B,b,24.3,2,101_14,CRN1,CRN,NA,NA,24.1,3.59,5.02,163,100,243,10,4267,0,0,1333.590002,2400.462003,781.6389884
BM19-2-2,2019_CRN1_2_2,2019_CRN1_2,2019_CRN1_B,2019,2,B,b,24.3,6,101_14,CRN1,CRN,NA,NA,24.1,3.59,5.02,163,100,243,10,4267,0,0,1333.590002,2400.462003,781.6389884
BM19-2-3,2019_CRN1_2_3,2019_CRN1_2,2019_CRN1_B,2019,2,B,b,23.3,16,101_14,CRN1,CRN,NA,NA,24.1,3.59,5.02,163,100,243,10,4267,0,0,1333.590002,2400.462003,781.6389884
BM19-2-4,2019_CRN1_2_4,2019_CRN1_2,2019_CRN1_B,2019,2,B,b,5.3,64,101_14,CRN1,CRN,NA,NA,24.1,3.59,5.02,163,100,243,10,4267,0,0,1333.590002,2400.462003,781.6389884
BM19-2-5,2019_CRN1_2_5,2019_CRN1_2,2019_CRN1_B,2019,2,B,b,-1.5,112,101_14,CRN1,CRN,NA,NA,24.1,3.59,5.02,163,100,243,10,4267,0,0,1333.590002,2400.462003,781.6389884
BM19-5-1,2019_SNC2_5_1,2019_SNC2_5,NA,2019,5,A,a,23.4,2,101_14,SNC2,SNC,NA,NA,22.7,3.42,5.49,153,107,238.6,5,4043,0,0,1396.055,2512.899001,875.9740134
BM19-5-2,2019_SNC2_5_2,2019_SNC2_5,NA,2019,5,A,a,23.3,6,101_14,SNC2,SNC,NA,NA,22.7,3.42,5.49,153,107,238.6,5,4043,0,0,1396.055,2512.899001,875.9740134
BM19-5-3,2019_SNC2_5_3,2019_SNC2_5,NA,2019,5,A,a,22.2,16,101_14,SNC2,SNC,NA,NA,22.7,3.42,5.49,153,107,238.6,5,4043,0,0,1396.055,2512.899001,875.9740134
BM19-5-4,2019_SNC2_5_4,2019_SNC2_5,NA,2019,5,A,a,7.2,64,101_14,SNC2,SNC,NA,NA,22.7,3.42,5.49,153,107,238.6,5,4043,0,0,1396.055,2512.899001,875.9740134
BM19-5-5,2019_SNC2_5_5,2019_SNC2_5,NA,2019,5,A,a,-1.3,112,101_14,SNC2,SNC,NA,NA,22.7,3.42,5.49,153,107,238.6,5,4043,0,0,1396.055,2512.899001,875.9740134
BM19-6-1,2019_SNC2_6_1,2019_SNC2_6,NA,2019,6,B,b,23.4,2,101_14,SNC2,SNC,NA,NA,22.7,3.46,5.38,151,102,232.6,5,4106,0,0,1396.055,2512.899001,875.9740134
BM19-6-2,2019_SNC2_6_2,2019_SNC2_6,NA,2019,6,B,b,23.3,6,101_14,SNC2,SNC,NA,NA,22.7,3.46,5.38,151,102,232.6,5,4106,0,0,1396.055,2512.899001,875.9740134
BM19-6-3,2019_SNC2_6_3,2019_SNC2_6,NA,2019,6,B,b,22.2,16,101_14,SNC2,SNC,NA,NA,22.7,3.46,5.38,151,102,232.6,5,4106,0,0,1396.055,2512.899001,875.9740134
BM19-6-4,2019_SNC2_6_4,2019_SNC2_6,NA,2019,6,B,b,7.1,64,101_14,SNC2,SNC,NA,NA,22.7,3.46,5.38,151,102,232.6,5,4106,0,0,1396.055,2512.899001,875.9740134
BM19-6-5,2019_SNC2_6_5,2019_SNC2_6,NA,2019,6,B,b,-1.3,112,101_14,SNC2,SNC,NA,NA,22.7,3.46,5.38,151,102,232.6,5,4106,0,0,1396.055,2512.899001,875.9740134
BM19-9-1,2019_RRV1_9_1,2019_RRV1_9,NA,2019,9,A,a,23.9,2,101_14,RRV1,RRV,NA,NA,23.2,3.43,5,183,153,305.4,5,3136,0,0,1489.704507,2681.468112,1183.93699
BM19-9-2,2019_RRV1_9_2,2019_RRV1_9,NA,2019,9,A,a,23.7,6,101_14,RRV1,RRV,NA,NA,23.2,3.43,5,183,153,305.4,5,3136,0,0,1489.704507,2681.468112,1183.93699
BM19-9-3,2019_RRV1_9_3,2019_RRV1_9,NA,2019,9,A,a,22.5,16,101_14,RRV1,RRV,NA,NA,23.2,3.43,5,183,153,305.4,5,3136,0,0,1489.704507,2681.468112,1183.93699
BM19-9-4,2019_RRV1_9_4,2019_RRV1_9,NA,2019,9,A,a,4.1,64,101_14,RRV1,RRV,NA,NA,23.2,3.43,5,183,153,305.4,5,3136,0,0,1489.704507,2681.468112,1183.93699
BM19-9-5,2019_RRV1_9_5,2019_RRV1_9,NA,2019,9,A,a,-1.3,112,101_14,RRV1,RRV,NA,NA,23.2,3.43,5,183,153,305.4,5,3136,0,0,1489.704507,2681.468112,1183.93699
BM19-10-1,2019_RRV1_10_1,2019_RRV1_10,NA,2019,10,B,b,23.9,2,101_14,RRV1,RRV,NA,NA,23.3,3.43,5.12,183,154,306.2,5,3092,0,0,1489.704507,2681.468112,1183.93699
BM19-10-2,2019_RRV1_10_2,2019_RRV1_10,NA,2019,10,B,b,23.9,6,101_14,RRV1,RRV,NA,NA,23.3,3.43,5.12,183,154,306.2,5,3092,0,0,1489.704507,2681.468112,1183.93699
BM19-10-3,2019_RRV1_10_3,2019_RRV1_10,NA,2019,10,B,b,22.7,16,101_14,RRV1,RRV,NA,NA,23.3,3.43,5.12,183,154,306.2,5,3092,0,0,1489.704507,2681.468112,1183.93699
BM19-10-4,2019_RRV1_10_4,2019_RRV1_10,NA,2019,10,B,b,5.5,64,101_14,RRV1,RRV,NA,NA,23.3,3.43,5.12,183,154,306.2,5,3092,0,0,1489.704507,2681.468112,1183.93699
BM19-10-5,2019_RRV1_10_5,2019_RRV1_10,NA,2019,10,B,b,-1.1,112,101_14,RRV1,RRV,NA,NA,23.3,3.43,5.12,183,154,306.2,5,3092,0,0,1489.704507,2681.468112,1183.93699
BM19-13-1,2019_SNC1_13_1,2019_SNC1_13,2019_SNC1_A,2019,13,A,a,24.9,2,101_14,SNC1,SNC,NA,NA,25.2,3.58,4.24,133,95,209,5,3077,0,0,1403.721503,2526.698706,1338.490008
BM19-13-2,2019_SNC1_13_2,2019_SNC1_13,2019_SNC1_A,2019,13,A,a,24.9,6,101_14,SNC1,SNC,NA,NA,25.2,3.58,4.24,133,95,209,5,3077,0,0,1403.721503,2526.698706,1338.490008
BM19-13-3,2019_SNC1_13_3,2019_SNC1_13,2019_SNC1_A,2019,13,A,a,23.8,16,101_14,SNC1,SNC,NA,NA,25.2,3.58,4.24,133,95,209,5,3077,0,0,1403.721503,2526.698706,1338.490008
BM19-13-4,2019_SNC1_13_4,2019_SNC1_13,2019_SNC1_A,2019,13,A,a,9.1,64,101_14,SNC1,SNC,NA,NA,25.2,3.58,4.24,133,95,209,5,3077,0,0,1403.721503,2526.698706,1338.490008
BM19-13-5,2019_SNC1_13_5,2019_SNC1_13,2019_SNC1_A,2019,13,A,a,-0.4,112,101_14,SNC1,SNC,NA,NA,25.2,3.58,4.24,133,95,209,5,3077,0,0,1403.721503,2526.698706,1338.490008
BM19-14-1,2019_SNC1_14_1,2019_SNC1_14,2019_SNC1_B,2019,14,B,b,25,2,101_14,SNC1,SNC,NA,NA,25.1,3.58,4.23,135,98,213.4,5,3054,0,0,1403.721503,2526.698706,1338.490008
BM19-14-2,2019_SNC1_14_2,2019_SNC1_14,2019_SNC1_B,2019,14,B,b,24.9,6,101_14,SNC1,SNC,NA,NA,25.1,3.58,4.23,135,98,213.4,5,3054,0,0,1403.721503,2526.698706,1338.490008
BM19-14-3,2019_SNC1_14_3,2019_SNC1_14,2019_SNC1_B,2019,14,B,b,24,16,101_14,SNC1,SNC,NA,NA,25.1,3.58,4.23,135,98,213.4,5,3054,0,0,1403.721503,2526.698706,1338.490008
BM19-14-4,2019_SNC1_14_4,2019_SNC1_14,2019_SNC1_B,2019,14,B,b,9.4,64,101_14,SNC1,SNC,NA,NA,25.1,3.58,4.23,135,98,213.4,5,3054,0,0,1403.721503,2526.698706,1338.490008
BM19-14-5,2019_SNC1_14_5,2019_SNC1_14,2019_SNC1_B,2019,14,B,b,-1.1,112,101_14,SNC1,SNC,NA,NA,25.1,3.58,4.23,135,98,213.4,5,3054,0,0,1403.721503,2526.698706,1338.490008
BM19-19-1,2019_AS2_19_1,2019_AS2_19,2019_AS2_C,2019,19,C,c,24.2,2,101_14,AS2,AS,NA,NA,25.2,3.69,5.36,260,129,363.2,5,3804,0,0,1533.252497,2759.854494,355.4000009
BM19-19-2,2019_AS2_19_2,2019_AS2_19,2019_AS2_C,2019,19,C,c,24.4,6,101_14,AS2,AS,NA,NA,25.2,3.69,5.36,260,129,363.2,5,3804,0,0,1533.252497,2759.854494,355.4000009
BM19-19-3,2019_AS2_19_3,2019_AS2_19,2019_AS2_C,2019,19,C,c,23.6,16,101_14,AS2,AS,NA,NA,25.2,3.69,5.36,260,129,363.2,5,3804,0,0,1533.252497,2759.854494,355.4000009
BM19-19-4,2019_AS2_19_4,2019_AS2_19,2019_AS2_C,2019,19,C,c,2.7,64,101_14,AS2,AS,NA,NA,25.2,3.69,5.36,260,129,363.2,5,3804,0,0,1533.252497,2759.854494,355.4000009
BM19-19-5,2019_AS2_19_5,2019_AS2_19,2019_AS2_C,2019,19,C,c,-1.4,112,101_14,AS2,AS,NA,NA,25.2,3.69,5.36,260,129,363.2,5,3804,0,0,1533.252497,2759.854494,355.4000009
BM19-20-1,2019_AS2_20_1,2019_AS2_20,2019_AS2_D,2019,20,D,d,24.2,2,101_14,AS2,AS,NA,NA,25.1,3.69,5.17,256,127,357.6,5,3787,0,0,1533.252497,2759.854494,355.4000009
BM19-20-2,2019_AS2_20_2,2019_AS2_20,2019_AS2_D,2019,20,D,d,24.4,6,101_14,AS2,AS,NA,NA,25.1,3.69,5.17,256,127,357.6,5,3787,0,0,1533.252497,2759.854494,355.4000009
BM19-20-3,2019_AS2_20_3,2019_AS2_20,2019_AS2_D,2019,20,D,d,23.1,16,101_14,AS2,AS,NA,NA,25.1,3.69,5.17,256,127,357.6,5,3787,0,0,1533.252497,2759.854494,355.4000009
BM19-20-4,2019_AS2_20_4,2019_AS2_20,2019_AS2_D,2019,20,D,d,2.4,64,101_14,AS2,AS,NA,NA,25.1,3.69,5.17,256,127,357.6,5,3787,0,0,1533.252497,2759.854494,355.4000009
BM19-20-5,2019_AS2_20_5,2019_AS2_20,2019_AS2_D,2019,20,D,d,-1.3,112,101_14,AS2,AS,NA,NA,25.1,3.69,5.17,256,127,357.6,5,3787,0,0,1533.252497,2759.854494,355.4000009
BM19-21-1,2019_RRV2_21_1,2019_RRV2_21,2019_RRV2_A,2019,21,A,a,23.3,2,3309C,RRV2,RRV,NA,NA,26.4,3.72,3.46,104,50,144,5,2664,0,0,1443.104002,2597.587204,1293.375028
BM19-21-2,2019_RRV2_21_2,2019_RRV2_21,2019_RRV2_A,2019,21,A,a,23.7,6,3309C,RRV2,RRV,NA,NA,26.4,3.72,3.46,104,50,144,5,2664,0,0,1443.104002,2597.587204,1293.375028
BM19-21-3,2019_RRV2_21_3,2019_RRV2_21,2019_RRV2_A,2019,21,A,a,23,16,3309C,RRV2,RRV,NA,NA,26.4,3.72,3.46,104,50,144,5,2664,0,0,1443.104002,2597.587204,1293.375028
BM19-21-4,2019_RRV2_21_4,2019_RRV2_21,2019_RRV2_A,2019,21,A,a,10.2,64,3309C,RRV2,RRV,NA,NA,26.4,3.72,3.46,104,50,144,5,2664,0,0,1443.104002,2597.587204,1293.375028
BM19-21-5,2019_RRV2_21_5,2019_RRV2_21,2019_RRV2_A,2019,21,A,a,1,112,3309C,RRV2,RRV,NA,NA,26.4,3.72,3.46,104,50,144,5,2664,0,0,1443.104002,2597.587204,1293.375028
BM19-22-1,2019_RRV2_22_1,2019_RRV2_22,2019_RRV2_B,2019,22,B,b,23.6,2,3309C,RRV2,RRV,NA,NA,26.6,3.72,3.41,90,44,125.2,5,2542,0,0,1443.104002,2597.587204,1293.375028
BM19-22-2,2019_RRV2_22_2,2019_RRV2_22,2019_RRV2_B,2019,22,B,b,23.9,6,3309C,RRV2,RRV,NA,NA,26.6,3.72,3.41,90,44,125.2,5,2542,0,0,1443.104002,2597.587204,1293.375028
BM19-22-3,2019_RRV2_22_3,2019_RRV2_22,2019_RRV2_B,2019,22,B,b,22.6,16,3309C,RRV2,RRV,NA,NA,26.6,3.72,3.41,90,44,125.2,5,2542,0,0,1443.104002,2597.587204,1293.375028
BM19-22-4,2019_RRV2_22_4,2019_RRV2_22,2019_RRV2_B,2019,22,B,b,8.9,64,3309C,RRV2,RRV,NA,NA,26.6,3.72,3.41,90,44,125.2,5,2542,0,0,1443.104002,2597.587204,1293.375028
BM19-22-5,2019_RRV2_22_5,2019_RRV2_22,2019_RRV2_B,2019,22,B,b,-0.5,112,3309C,RRV2,RRV,NA,NA,26.6,3.72,3.41,90,44,125.2,5,2542,0,0,1443.104002,2597.587204,1293.375028
BM19-26-1,2019_AS1_26_1,2019_AS1_26,2019_AS1_B,2019,26,B,b,24.1,2,101_14,AS1,AS,NA,NA,24.9,3.64,5.65,227,115,319,5,4386,0,0,1431.9025,2577.4245,268.7990005
BM19-26-2,2019_AS1_26_2,2019_AS1_26,2019_AS1_B,2019,26,B,b,24.1,6,101_14,AS1,AS,NA,NA,24.9,3.64,5.65,227,115,319,5,4386,0,0,1431.9025,2577.4245,268.7990005
BM19-26-3,2019_AS1_26_3,2019_AS1_26,2019_AS1_B,2019,26,B,b,22.6,16,101_14,AS1,AS,NA,NA,24.9,3.64,5.65,227,115,319,5,4386,0,0,1431.9025,2577.4245,268.7990005
BM19-26-4,2019_AS1_26_4,2019_AS1_26,2019_AS1_B,2019,26,B,b,3.8,64,101_14,AS1,AS,NA,NA,24.9,3.64,5.65,227,115,319,5,4386,0,0,1431.9025,2577.4245,268.7990005
BM19-26-5,2019_AS1_26_5,2019_AS1_26,2019_AS1_B,2019,26,B,b,-1.2,112,101_14,AS1,AS,NA,NA,24.9,3.64,5.65,227,115,319,5,4386,0,0,1431.9025,2577.4245,268.7990005
BM19-27-1,2019_AS1_27_1,2019_AS1_27,2019_AS1_C,2019,27,C,c,24.2,2,101_14,AS1,AS,NA,NA,24.8,3.64,5.61,227,115,319,5,4542,0,0,1431.9025,2577.4245,268.7990005
BM19-27-2,2019_AS1_27_2,2019_AS1_27,2019_AS1_C,2019,27,C,c,24.1,6,101_14,AS1,AS,NA,NA,24.8,3.64,5.61,227,115,319,5,4542,0,0,1431.9025,2577.4245,268.7990005
BM19-27-3,2019_AS1_27_3,2019_AS1_27,2019_AS1_C,2019,27,C,c,22.5,16,101_14,AS1,AS,NA,NA,24.8,3.64,5.61,227,115,319,5,4542,0,0,1431.9025,2577.4245,268.7990005
BM19-27-4,2019_AS1_27_4,2019_AS1_27,2019_AS1_C,2019,27,C,c,3.5,64,101_14,AS1,AS,NA,NA,24.8,3.64,5.61,227,115,319,5,4542,0,0,1431.9025,2577.4245,268.7990005
BM19-27-5,2019_AS1_27_5,2019_AS1_27,2019_AS1_C,2019,27,C,c,-1.2,112,101_14,AS1,AS,NA,NA,24.8,3.64,5.61,227,115,319,5,4542,0,0,1431.9025,2577.4245,268.7990005
BM19-29-1,2019_RRV3_29_1,2019_RRV3_29,2019_RRV3_A,2019,29,A,a,23.3,2,3309C,RRV3,RRV,NA,NA,22.7,3.45,5.65,180,111,271,5,3512,0,0,1328.332491,2390.998484,1044.42301
BM19-29-2,2019_RRV3_29_2,2019_RRV3_29,2019_RRV3_A,2019,29,A,a,23,6,3309C,RRV3,RRV,NA,NA,22.7,3.45,5.65,180,111,271,5,3512,0,0,1328.332491,2390.998484,1044.42301
BM19-29-3,2019_RRV3_29_3,2019_RRV3_29,2019_RRV3_A,2019,29,A,a,22,16,3309C,RRV3,RRV,NA,NA,22.7,3.45,5.65,180,111,271,5,3512,0,0,1328.332491,2390.998484,1044.42301
BM19-29-4,2019_RRV3_29_4,2019_RRV3_29,2019_RRV3_A,2019,29,A,a,5.5,64,3309C,RRV3,RRV,NA,NA,22.7,3.45,5.65,180,111,271,5,3512,0,0,1328.332491,2390.998484,1044.42301
BM19-29-5,2019_RRV3_29_5,2019_RRV3_29,2019_RRV3_A,2019,29,A,a,-1.1,112,3309C,RRV3,RRV,NA,NA,22.7,3.45,5.65,180,111,271,5,3512,0,0,1328.332491,2390.998484,1044.42301
BM19-30-1,2019_RRV3_30_1,2019_RRV3_30,2019_RRV3_B,2019,30,B,b,23.3,2,3309C,RRV3,RRV,NA,NA,22.7,3.45,5.73,179,110,269,5,3508,0,0,1328.332491,2390.998484,1044.42301
BM19-30-2,2019_RRV3_30_2,2019_RRV3_30,2019_RRV3_B,2019,30,B,b,23.1,6,3309C,RRV3,RRV,NA,NA,22.7,3.45,5.73,179,110,269,5,3508,0,0,1328.332491,2390.998484,1044.42301
BM19-30-3,2019_RRV3_30_3,2019_RRV3_30,2019_RRV3_B,2019,30,B,b,22,16,3309C,RRV3,RRV,NA,NA,22.7,3.45,5.73,179,110,269,5,3508,0,0,1328.332491,2390.998484,1044.42301
BM19-30-4,2019_RRV3_30_4,2019_RRV3_30,2019_RRV3_B,2019,30,B,b,5.9,64,3309C,RRV3,RRV,NA,NA,22.7,3.45,5.73,179,110,269,5,3508,0,0,1328.332491,2390.998484,1044.42301
BM19-30-5,2019_RRV3_30_5,2019_RRV3_30,2019_RRV3_B,2019,30,B,b,-1.1,112,3309C,RRV3,RRV,NA,NA,22.7,3.45,5.73,179,110,269,5,3508,0,0,1328.332491,2390.998484,1044.42301
BM19-33-1,2019_AV1_33_1,2019_AV1_33,2019_AV1_A,2019,33,A,a,24.2,2,101_14,AV1,AV,NA,NA,23.6,3.49,5.06,141,93,215.4,5,3510,0,0,1503.231997,2705.817594,1184.712981
BM19-33-2,2019_AV1_33_2,2019_AV1_33,2019_AV1_A,2019,33,A,a,24.3,6,101_14,AV1,AV,NA,NA,23.6,3.49,5.06,141,93,215.4,5,3510,0,0,1503.231997,2705.817594,1184.712981
BM19-33-3,2019_AV1_33_3,2019_AV1_33,2019_AV1_A,2019,33,A,a,22.9,16,101_14,AV1,AV,NA,NA,23.6,3.49,5.06,141,93,215.4,5,3510,0,0,1503.231997,2705.817594,1184.712981
BM19-33-4,2019_AV1_33_4,2019_AV1_33,2019_AV1_A,2019,33,A,a,6.7,64,101_14,AV1,AV,NA,NA,23.6,3.49,5.06,141,93,215.4,5,3510,0,0,1503.231997,2705.817594,1184.712981
BM19-33-5,2019_AV1_33_5,2019_AV1_33,2019_AV1_A,2019,33,A,a,-0.5,112,101_14,AV1,AV,NA,NA,23.6,3.49,5.06,141,93,215.4,5,3510,0,0,1503.231997,2705.817594,1184.712981
BM19-34-1,2019_AV1_34_1,2019_AV1_34,2019_AV1_B,2019,34,B,b,24.5,2,101_14,AV1,AV,NA,NA,23.7,3.5,5.14,142,93,216.4,5,3510,0,0,1503.231997,2705.817594,1184.712981
BM19-34-2,2019_AV1_34_2,2019_AV1_34,2019_AV1_B,2019,34,B,b,24.2,6,101_14,AV1,AV,NA,NA,23.7,3.5,5.14,142,93,216.4,5,3510,0,0,1503.231997,2705.817594,1184.712981
BM19-34-3,2019_AV1_34_3,2019_AV1_34,2019_AV1_B,2019,34,B,b,23.1,16,101_14,AV1,AV,NA,NA,23.7,3.5,5.14,142,93,216.4,5,3510,0,0,1503.231997,2705.817594,1184.712981
BM19-34-4,2019_AV1_34_4,2019_AV1_34,2019_AV1_B,2019,34,B,b,7.7,64,101_14,AV1,AV,NA,NA,23.7,3.5,5.14,142,93,216.4,5,3510,0,0,1503.231997,2705.817594,1184.712981
BM19-34-5,2019_AV1_34_5,2019_AV1_34,2019_AV1_B,2019,34,B,b,-0.3,112,101_14,AV1,AV,NA,NA,23.7,3.5,5.14,142,93,216.4,5,3510,0,0,1503.231997,2705.817594,1184.712981
BM19-38-1,2019_AV2_38_1,2019_AV2_38,2019_AV2_B,2019,38,B,b,24.4,2,3309C,AV2,AV,NA,NA,24.2,3.68,4.8,149,79,212.2,5,3864,0,0,1212.912992,2183.243386,1031.393978
BM19-38-2,2019_AV2_38_2,2019_AV2_38,2019_AV2_B,2019,38,B,b,24.8,6,3309C,AV2,AV,NA,NA,24.2,3.68,4.8,149,79,212.2,5,3864,0,0,1212.912992,2183.243386,1031.393978
BM19-38-3,2019_AV2_38_3,2019_AV2_38,2019_AV2_B,2019,38,B,b,23.2,16,3309C,AV2,AV,NA,NA,24.2,3.68,4.8,149,79,212.2,5,3864,0,0,1212.912992,2183.243386,1031.393978
BM19-38-4,2019_AV2_38_4,2019_AV2_38,2019_AV2_B,2019,38,B,b,7.2,64,3309C,AV2,AV,NA,NA,24.2,3.68,4.8,149,79,212.2,5,3864,0,0,1212.912992,2183.243386,1031.393978
BM19-38-5,2019_AV2_38_5,2019_AV2_38,2019_AV2_B,2019,38,B,b,-0.2,112,3309C,AV2,AV,NA,NA,24.2,3.68,4.8,149,79,212.2,5,3864,0,0,1212.912992,2183.243386,1031.393978
BM19-39-1,2019_AV2_39_1,2019_AV2_39,2019_AV2_C,2019,39,C,c,24.4,2,3309C,AV2,AV,NA,NA,24.2,3.65,4.98,148,81,212.8,5,3755,0,0,1212.912992,2183.243386,1031.393978
BM19-39-2,2019_AV2_39_2,2019_AV2_39,2019_AV2_C,2019,39,C,c,24.6,6,3309C,AV2,AV,NA,NA,24.2,3.65,4.98,148,81,212.8,5,3755,0,0,1212.912992,2183.243386,1031.393978
BM19-39-3,2019_AV2_39_3,2019_AV2_39,2019_AV2_C,2019,39,C,c,23.3,16,3309C,AV2,AV,NA,NA,24.2,3.65,4.98,148,81,212.8,5,3755,0,0,1212.912992,2183.243386,1031.393978
BM19-39-4,2019_AV2_39_4,2019_AV2_39,2019_AV2_C,2019,39,C,c,7.2,64,3309C,AV2,AV,NA,NA,24.2,3.65,4.98,148,81,212.8,5,3755,0,0,1212.912992,2183.243386,1031.393978
BM19-39-5,2019_AV2_39_5,2019_AV2_39,2019_AV2_C,2019,39,C,c,-0.2,112,3309C,AV2,AV,NA,NA,24.2,3.65,4.98,148,81,212.8,5,3755,0,0,1212.912992,2183.243386,1031.393978
BM19-41-1,2019_SRH1_41_1,2019_SRH1_41,2019_SRH1_A,2019,41,A,a,25.7,2,101_14,SRH1,SRH,NA,NA,25.6,3.55,5.7,201,96,277.8,5,2802,0,0,1247.984494,2246.37209,517.4170096
BM19-41-2,2019_SRH1_41_2,2019_SRH1_41,2019_SRH1_A,2019,41,A,a,25.7,6,101_14,SRH1,SRH,NA,NA,25.6,3.55,5.7,201,96,277.8,5,2802,0,0,1247.984494,2246.37209,517.4170096
BM19-41-3,2019_SRH1_41_3,2019_SRH1_41,2019_SRH1_A,2019,41,A,a,23.8,16,101_14,SRH1,SRH,NA,NA,25.6,3.55,5.7,201,96,277.8,5,2802,0,0,1247.984494,2246.37209,517.4170096
BM19-41-4,2019_SRH1_41_4,2019_SRH1_41,2019_SRH1_A,2019,41,A,a,7.9,64,101_14,SRH1,SRH,NA,NA,25.6,3.55,5.7,201,96,277.8,5,2802,0,0,1247.984494,2246.37209,517.4170096
BM19-41-5,2019_SRH1_41_5,2019_SRH1_41,2019_SRH1_A,2019,41,A,a,-0.8,112,101_14,SRH1,SRH,NA,NA,25.6,3.55,5.7,201,96,277.8,5,2802,0,0,1247.984494,2246.37209,517.4170096
BM19-42-1,2019_SRH1_42_1,2019_SRH1_42,2019_SRH1_B,2019,42,B,b,25.7,2,101_14,SRH1,SRH,NA,NA,25.6,3.58,5.75,196,95,272,5,2790,0,0,1247.984494,2246.37209,517.4170096
BM19-42-2,2019_SRH1_42_2,2019_SRH1_42,2019_SRH1_B,2019,42,B,b,25.7,6,101_14,SRH1,SRH,NA,NA,25.6,3.58,5.75,196,95,272,5,2790,0,0,1247.984494,2246.37209,517.4170096
BM19-42-3,2019_SRH1_42_3,2019_SRH1_42,2019_SRH1_B,2019,42,B,b,23.4,16,101_14,SRH1,SRH,NA,NA,25.6,3.58,5.75,196,95,272,5,2790,0,0,1247.984494,2246.37209,517.4170096
BM19-42-4,2019_SRH1_42_4,2019_SRH1_42,2019_SRH1_B,2019,42,B,b,7.1,64,101_14,SRH1,SRH,NA,NA,25.6,3.58,5.75,196,95,272,5,2790,0,0,1247.984494,2246.37209,517.4170096
BM19-42-5,2019_SRH1_42_5,2019_SRH1_42,2019_SRH1_B,2019,42,B,b,-1,112,101_14,SRH1,SRH,NA,NA,25.6,3.58,5.75,196,95,272,5,2790,0,0,1247.984494,2246.37209,517.4170096
BM19-45-1,2019_SMV2_45_1,2019_SMV2_45,2019_SMV2_A,2019,45,A,a,25.4,2,101_14,SMV2,SMV,NA,NA,24.6,3.69,4.96,188,85,256,5,3070,0,0,1426.553998,2567.797196,445.2350055
BM19-45-2,2019_SMV2_45_2,2019_SMV2_45,2019_SMV2_A,2019,45,A,a,25.4,6,101_14,SMV2,SMV,NA,NA,24.6,3.69,4.96,188,85,256,5,3070,0,0,1426.553998,2567.797196,445.2350055
BM19-45-3,2019_SMV2_45_3,2019_SMV2_45,2019_SMV2_A,2019,45,A,a,24.3,16,101_14,SMV2,SMV,NA,NA,24.6,3.69,4.96,188,85,256,5,3070,0,0,1426.553998,2567.797196,445.2350055
BM19-45-4,2019_SMV2_45_4,2019_SMV2_45,2019_SMV2_A,2019,45,A,a,7.1,64,101_14,SMV2,SMV,NA,NA,24.6,3.69,4.96,188,85,256,5,3070,0,0,1426.553998,2567.797196,445.2350055
BM19-45-5,2019_SMV2_45_5,2019_SMV2_45,2019_SMV2_A,2019,45,A,a,-0.9,112,101_14,SMV2,SMV,NA,NA,24.6,3.69,4.96,188,85,256,5,3070,0,0,1426.553998,2567.797196,445.2350055
BM19-48-1,2019_SMV2_48_1,2019_SMV2_48,2019_SMV2_D,2019,48,D,d,25.4,2,101_14,SMV2,SMV,NA,NA,24.5,3.68,4.84,185,82,250.6,5,3125,0,0,1426.553998,2567.797196,445.2350055
BM19-48-2,2019_SMV2_48_2,2019_SMV2_48,2019_SMV2_D,2019,48,D,d,25.4,6,101_14,SMV2,SMV,NA,NA,24.5,3.68,4.84,185,82,250.6,5,3125,0,0,1426.553998,2567.797196,445.2350055
BM19-48-3,2019_SMV2_48_3,2019_SMV2_48,2019_SMV2_D,2019,48,D,d,23.6,16,101_14,SMV2,SMV,NA,NA,24.5,3.68,4.84,185,82,250.6,5,3125,0,0,1426.553998,2567.797196,445.2350055
BM19-48-4,2019_SMV2_48_4,2019_SMV2_48,2019_SMV2_D,2019,48,D,d,5.3,64,101_14,SMV2,SMV,NA,NA,24.5,3.68,4.84,185,82,250.6,5,3125,0,0,1426.553998,2567.797196,445.2350055
BM19-48-5,2019_SMV2_48_5,2019_SMV2_48,2019_SMV2_D,2019,48,D,d,-1.1,112,101_14,SMV2,SMV,NA,NA,24.5,3.68,4.84,185,82,250.6,5,3125,0,0,1426.553998,2567.797196,445.2350055
BM19-50-1,2019_SMV1_50_1,2019_SMV1_50,2019_SMV1_B,2019,50,B,b,24.9,2,101_14,SMV1,SMV,NA,NA,23.9,3.6,5.1,246,112,335.6,5,3063,0,0,1381.886001,2487.394802,470.9230095
BM19-50-2,2019_SMV1_50_2,2019_SMV1_50,2019_SMV1_B,2019,50,B,b,24.9,6,101_14,SMV1,SMV,NA,NA,23.9,3.6,5.1,246,112,335.6,5,3063,0,0,1381.886001,2487.394802,470.9230095
BM19-50-3,2019_SMV1_50_3,2019_SMV1_50,2019_SMV1_B,2019,50,B,b,24.2,16,101_14,SMV1,SMV,NA,NA,23.9,3.6,5.1,246,112,335.6,5,3063,0,0,1381.886001,2487.394802,470.9230095
BM19-50-4,2019_SMV1_50_4,2019_SMV1_50,2019_SMV1_B,2019,50,B,b,2.8,64,101_14,SMV1,SMV,NA,NA,23.9,3.6,5.1,246,112,335.6,5,3063,0,0,1381.886001,2487.394802,470.9230095
BM19-50-5,2019_SMV1_50_5,2019_SMV1_50,2019_SMV1_B,2019,50,B,b,-1.2,112,101_14,SMV1,SMV,NA,NA,23.9,3.6,5.1,246,112,335.6,5,3063,0,0,1381.886001,2487.394802,470.9230095
BM19-51-1,2019_SMV1_51_1,2019_SMV1_51,2019_SMV1_C,2019,51,C,c,24.9,2,101_14,SMV1,SMV,NA,NA,24,3.62,4.97,251,135,359,5,3018,0,0,1381.886001,2487.394802,470.9230095
BM19-51-2,2019_SMV1_51_2,2019_SMV1_51,2019_SMV1_C,2019,51,C,c,24.9,6,101_14,SMV1,SMV,NA,NA,24,3.62,4.97,251,135,359,5,3018,0,0,1381.886001,2487.394802,470.9230095
BM19-51-3,2019_SMV1_51_3,2019_SMV1_51,2019_SMV1_C,2019,51,C,c,24.4,16,101_14,SMV1,SMV,NA,NA,24,3.62,4.97,251,135,359,5,3018,0,0,1381.886001,2487.394802,470.9230095
BM19-51-4,2019_SMV1_51_4,2019_SMV1_51,2019_SMV1_C,2019,51,C,c,3.3,64,101_14,SMV1,SMV,NA,NA,24,3.62,4.97,251,135,359,5,3018,0,0,1381.886001,2487.394802,470.9230095
BM19-51-5,2019_SMV1_51_5,2019_SMV1_51,2019_SMV1_C,2019,51,C,c,-1.2,112,101_14,SMV1,SMV,NA,NA,24,3.62,4.97,251,135,359,5,3018,0,0,1381.886001,2487.394802,470.9230095
BM19-53-1,2019_OR1_53_1,2019_OR1_53,2019_OR1_A,2019,53,A,a,24,2,riparia_gloire,OR1,OR,NA,NA,23.1,3.43,5.27,70,25,90,5,4352,0,0,1159.663502,2087.394304,660.0859952
BM19-53-2,2019_OR1_53_2,2019_OR1_53,2019_OR1_A,2019,53,A,a,23.9,6,riparia_gloire,OR1,OR,NA,NA,23.1,3.43,5.27,70,25,90,5,4352,0,0,1159.663502,2087.394304,660.0859952
BM19-53-3,2019_OR1_53_3,2019_OR1_53,2019_OR1_A,2019,53,A,a,22.6,16,riparia_gloire,OR1,OR,NA,NA,23.1,3.43,5.27,70,25,90,5,4352,0,0,1159.663502,2087.394304,660.0859952
BM19-53-4,2019_OR1_53_4,2019_OR1_53,2019_OR1_A,2019,53,A,a,7.7,64,riparia_gloire,OR1,OR,NA,NA,23.1,3.43,5.27,70,25,90,5,4352,0,0,1159.663502,2087.394304,660.0859952
BM19-53-5,2019_OR1_53_5,2019_OR1_53,2019_OR1_A,2019,53,A,a,-0.2,112,riparia_gloire,OR1,OR,NA,NA,23.1,3.43,5.27,70,25,90,5,4352,0,0,1159.663502,2087.394304,660.0859952
BM19-54-1,2019_OR1_54_1,2019_OR1_54,2019_OR1_B,2019,54,B,b,24,2,riparia_gloire,OR1,OR,NA,NA,23.2,3.42,5.31,73,28,95.4,5,4238,0,0,1159.663502,2087.394304,660.0859952
BM19-54-2,2019_OR1_54_2,2019_OR1_54,2019_OR1_B,2019,54,B,b,23.9,6,riparia_gloire,OR1,OR,NA,NA,23.2,3.42,5.31,73,28,95.4,5,4238,0,0,1159.663502,2087.394304,660.0859952
BM19-54-3,2019_OR1_54_3,2019_OR1_54,2019_OR1_B,2019,54,B,b,23,16,riparia_gloire,OR1,OR,NA,NA,23.2,3.42,5.31,73,28,95.4,5,4238,0,0,1159.663502,2087.394304,660.0859952
BM19-54-4,2019_OR1_54_4,2019_OR1_54,2019_OR1_B,2019,54,B,b,8.4,64,riparia_gloire,OR1,OR,NA,NA,23.2,3.42,5.31,73,28,95.4,5,4238,0,0,1159.663502,2087.394304,660.0859952
BM19-54-5,2019_OR1_54_5,2019_OR1_54,2019_OR1_B,2019,54,B,b,-0.1,112,riparia_gloire,OR1,OR,NA,NA,23.2,3.42,5.31,73,28,95.4,5,4238,0,0,1159.663502,2087.394304,660.0859952
BM19-57-1,2019_OR2_57_1,2019_OR2_57,2019_OR2_A,2019,57,A,a,23.7,2,riparia_gloire,OR2,OR,NA,NA,23.2,3.29,5.5,90,64,141.2,5,3797,0,0,1130.448006,2034.806411,687.451993
BM19-57-2,2019_OR2_57_2,2019_OR2_57,2019_OR2_A,2019,57,A,a,23.5,6,riparia_gloire,OR2,OR,NA,NA,23.2,3.29,5.5,90,64,141.2,5,3797,0,0,1130.448006,2034.806411,687.451993
BM19-57-3,2019_OR2_57_3,2019_OR2_57,2019_OR2_A,2019,57,A,a,22,16,riparia_gloire,OR2,OR,NA,NA,23.2,3.29,5.5,90,64,141.2,5,3797,0,0,1130.448006,2034.806411,687.451993
BM19-57-4,2019_OR2_57_4,2019_OR2_57,2019_OR2_A,2019,57,A,a,6.3,64,riparia_gloire,OR2,OR,NA,NA,23.2,3.29,5.5,90,64,141.2,5,3797,0,0,1130.448006,2034.806411,687.451993
BM19-57-5,2019_OR2_57_5,2019_OR2_57,2019_OR2_A,2019,57,A,a,-0.2,112,riparia_gloire,OR2,OR,NA,NA,23.2,3.29,5.5,90,64,141.2,5,3797,0,0,1130.448006,2034.806411,687.451993
BM19-58-1,2019_OR2_58_1,2019_OR2_58,2019_OR2_B,2019,58,B,b,23.7,2,riparia_gloire,OR2,OR,NA,NA,23.3,3.29,5.61,89,57,134.6,5,3784,0,0,1130.448006,2034.806411,687.451993
BM19-58-2,2019_OR2_58_2,2019_OR2_58,2019_OR2_B,2019,58,B,b,23.6,6,riparia_gloire,OR2,OR,NA,NA,23.3,3.29,5.61,89,57,134.6,5,3784,0,0,1130.448006,2034.806411,687.451993
BM19-58-3,2019_OR2_58_3,2019_OR2_58,2019_OR2_B,2019,58,B,b,22,16,riparia_gloire,OR2,OR,NA,NA,23.3,3.29,5.61,89,57,134.6,5,3784,0,0,1130.448006,2034.806411,687.451993
BM19-58-4,2019_OR2_58_4,2019_OR2_58,2019_OR2_B,2019,58,B,b,7.5,64,riparia_gloire,OR2,OR,NA,NA,23.3,3.29,5.61,89,57,134.6,5,3784,0,0,1130.448006,2034.806411,687.451993
BM19-58-5,2019_OR2_58_5,2019_OR2_58,2019_OR2_B,2019,58,B,b,-0.9,112,riparia_gloire,OR2,OR,NA,NA,23.3,3.29,5.61,89,57,134.6,5,3784,0,0,1130.448006,2034.806411,687.451993